-- ==================== КАТЕГОРІЇ ====================

-- Кореневі категорії
INSERT INTO categories (id, name, description, created_at, updated_at) VALUES
('c0000000-0000-0000-0000-000000000001', 'Художня література', 'Fiction & Literature', NOW(), NOW()),
('c0000000-0000-0000-0000-000000000002', 'Програмування та IT', 'Programming & Technology', NOW(), NOW()),
('c0000000-0000-0000-0000-000000000003', 'Наука', 'Science', NOW(), NOW()),
('c0000000-0000-0000-0000-000000000004', 'Історія', 'History', NOW(), NOW()),
('c0000000-0000-0000-0000-000000000005', 'Бізнес та саморозвиток', 'Business & Self-Development', NOW(), NOW()),
('c0000000-0000-0000-0000-000000000006', 'Дитяча література', 'Children''s Books', NOW(), NOW());

-- Підкатегорії Художньої літератури
INSERT INTO categories (id, name, description, parent_category_id, created_at, updated_at) VALUES
('c0000000-0000-0000-0000-000000000010', 'Фентезі', 'Fantasy', 'c0000000-0000-0000-0000-000000000001', NOW(), NOW()),
('c0000000-0000-0000-0000-000000000011', 'Наукова фантастика', 'Science Fiction', 'c0000000-0000-0000-0000-000000000001', NOW(), NOW()),
('c0000000-0000-0000-0000-000000000012', 'Детективи', 'Mystery & Detective', 'c0000000-0000-0000-0000-000000000001', NOW(), NOW()),
('c0000000-0000-0000-0000-000000000013', 'Класика', 'Classics', 'c0000000-0000-0000-0000-000000000001', NOW(), NOW()),
('c0000000-0000-0000-0000-000000000014', 'Сучасна проза', 'Contemporary Fiction', 'c0000000-0000-0000-0000-000000000001', NOW(), NOW()),
('c0000000-0000-0000-0000-000000000015', 'Поезія', 'Poetry', 'c0000000-0000-0000-0000-000000000001', NOW(), NOW()),
('c0000000-0000-0000-0000-000000000016', 'Жахи', 'Horror', 'c0000000-0000-0000-0000-000000000001', NOW(), NOW());

-- Підкатегорії Програмування
INSERT INTO categories (id, name, description, parent_category_id, created_at, updated_at) VALUES
('c0000000-0000-0000-0000-000000000020', 'Java', 'Java Development', 'c0000000-0000-0000-0000-000000000002', NOW(), NOW()),
('c0000000-0000-0000-0000-000000000021', 'Python', 'Python Development', 'c0000000-0000-0000-0000-000000000002', NOW(), NOW()),
('c0000000-0000-0000-0000-000000000022', 'JavaScript', 'JavaScript & Frontend', 'c0000000-0000-0000-0000-000000000002', NOW(), NOW()),
('c0000000-0000-0000-0000-000000000023', 'Алгоритми та структури даних', 'Algorithms & Data Structures', 'c0000000-0000-0000-0000-000000000002', NOW(), NOW()),
('c0000000-0000-0000-0000-000000000024', 'Бази даних', 'Databases', 'c0000000-0000-0000-0000-000000000002', NOW(), NOW()),
('c0000000-0000-0000-0000-000000000025', 'DevOps', 'DevOps & CI/CD', 'c0000000-0000-0000-0000-000000000002', NOW(), NOW());

-- ==================== АВТОРИ ====================

INSERT INTO authors (id, first_name, last_name, biography, birth_date, nationality, created_at, updated_at) VALUES
('a0000000-0000-0000-0000-000000000001', 'Robert', 'Martin', 'Uncle Bob, автор Clean Code та Clean Architecture. Легенда в світі розробки ПЗ.', '1952-12-05', 'USA', NOW(), NOW()),
('a0000000-0000-0000-0000-000000000002', 'Joshua', 'Bloch', 'Автор Effective Java. Провідний інженер у Google.', '1961-08-28', 'USA', NOW(), NOW()),
('a0000000-0000-0000-0000-000000000003', 'George', 'Orwell', 'Англійський письменник, автор 1984 та Animal Farm.', '1903-06-25', 'UK', NOW(), NOW()),
('a0000000-0000-0000-0000-000000000004', 'Stephen', 'King', 'Король жахів. Автор понад 60 романів.', '1947-09-21', 'USA', NOW(), NOW()),
('a0000000-0000-0000-0000-000000000005', 'Ліна', 'Костенко', 'Видатна українська поетеса та письменниця.', '1930-03-19', 'Україна', NOW(), NOW()),
('a0000000-0000-0000-0000-000000000006', 'J.K.', 'Rowling', 'Британська письменниця, авторка Гаррі Поттера.', '1965-07-31', 'UK', NOW(), NOW()),
('a0000000-0000-0000-0000-000000000007', 'Martin', 'Fowler', 'Автор книг з архітектури ПЗ та рефакторингу.', '1963-12-18', 'UK', NOW(), NOW()),
('a0000000-0000-0000-0000-000000000008', 'Сергій', 'Жадан', 'Український письменник, поет, музикант.', '1974-08-23', 'Україна', NOW(), NOW()),
('a0000000-0000-0000-0000-000000000009', 'Thomas', 'Cormen', 'Автор Introduction to Algorithms.', '1956-01-01', 'USA', NOW(), NOW()),
('a0000000-0000-0000-0000-000000000010', 'Eric', 'Evans', 'Автор Domain-Driven Design.', '1960-01-01', 'USA', NOW(), NOW());

-- ==================== КНИГИ ====================

INSERT INTO books (id, isbn, title, subtitle, description, publication_date, publisher, page_count, language, format, status, shelf_location, total_copies, available_copies, average_rating, created_at, updated_at) VALUES

-- Програмування
('b0000000-0000-0000-0000-000000000001', '9780132350884', 'Clean Code', 'A Handbook of Agile Software Craftsmanship', 'Настільна книга кожного розробника. Як писати чистий, зрозумілий код.', '2008-08-01', 'Prentice Hall', 464, 'en', 'PAPERBACK', 'AVAILABLE', 'IT-A-01', 3, 3, 4.5, NOW(), NOW()),

('b0000000-0000-0000-0000-000000000002', '9780134685991', 'Effective Java', NULL, 'Кращі практики для Java-розробників. Обов''язково до прочитання.', '2018-01-06', 'Addison-Wesley', 416, 'en', 'PAPERBACK', 'AVAILABLE', 'IT-A-02', 2, 2, 4.8, NOW(), NOW()),

('b0000000-0000-0000-0000-000000000003', '9780134757599', 'Refactoring', 'Improving the Design of Existing Code', 'Мартін Фаулер про те як покращувати існуючий код без помилок.', '2018-11-30', 'Addison-Wesley', 448, 'en', 'HARDCOVER', 'AVAILABLE', 'IT-A-03', 2, 2, 4.6, NOW(), NOW()),

('b0000000-0000-0000-0000-000000000004', '9780262033848', 'Introduction to Algorithms', NULL, 'Біблія алгоритмів. Використовується в університетах світу.', '2009-07-31', 'MIT Press', 1312, 'en', 'HARDCOVER', 'AVAILABLE', 'IT-B-01', 1, 1, 4.9, NOW(), NOW()),

('b0000000-0000-0000-0000-000000000005', '9780321125217', 'Domain-Driven Design', 'Tackling Complexity in the Heart of Software', 'Ерік Еванс про те як моделювати складні системи.', '2003-08-30', 'Addison-Wesley', 560, 'en', 'HARDCOVER', 'AVAILABLE', 'IT-B-02', 2, 2, 4.4, NOW(), NOW()),

-- Художня література
('b0000000-0000-0000-0000-000000000006', '9780451524935', '1984', NULL, 'Антиутопія про світ де Великий Брат стежить за всіма.', '1949-06-08', 'Signet Classic', 328, 'en', 'PAPERBACK', 'AVAILABLE', 'FIC-A-01', 4, 4, 4.7, NOW(), NOW()),

('b0000000-0000-0000-0000-000000000007', '9780439139601', 'Harry Potter and the Goblet of Fire', NULL, 'Четверта книга про Гаррі Поттера. Турнір трьох чарівників.', '2000-07-08', 'Scholastic', 734, 'en', 'PAPERBACK', 'AVAILABLE', 'FIC-A-02', 3, 3, 4.8, NOW(), NOW()),

('b0000000-0000-0000-0000-000000000008', '9780307474278', 'The Shining', NULL, 'Сім''я Торранс доглядає за готелем взимку. Жахіття починаються.', '1977-01-28', 'Anchor Books', 447, 'en', 'PAPERBACK', 'AVAILABLE', 'FIC-A-03', 3, 3, 4.6, NOW(), NOW()),

('b0000000-0000-0000-0000-000000000009', '9789667047399', 'Маруся Чурай', NULL, 'Історичний роман у віршах про легендарну українську поетесу.', '1979-01-01', 'А-БА-БА-ГА-ЛА-МА-ГА', 192, 'uk', 'HARDCOVER', 'AVAILABLE', 'FIC-B-01', 2, 2, 4.9, NOW(), NOW()),

('b0000000-0000-0000-0000-000000000010', '9789660364592', 'Ворошиловград', NULL, 'Роман про повернення додому, дружбу та пошук себе.', '2010-01-01', 'КСД', 320, 'uk', 'HARDCOVER', 'AVAILABLE', 'FIC-B-02', 2, 2, 4.5, NOW(), NOW());

-- ==================== ЗВ''ЯЗКИ КНИГА-АВТОР ====================

INSERT INTO book_authors (book_id, author_id) VALUES
('b0000000-0000-0000-0000-000000000001', 'a0000000-0000-0000-0000-000000000001'), -- Clean Code → Robert Martin
('b0000000-0000-0000-0000-000000000002', 'a0000000-0000-0000-0000-000000000002'), -- Effective Java → Joshua Bloch
('b0000000-0000-0000-0000-000000000003', 'a0000000-0000-0000-0000-000000000007'), -- Refactoring → Martin Fowler
('b0000000-0000-0000-0000-000000000004', 'a0000000-0000-0000-0000-000000000009'), -- Algorithms → Thomas Cormen
('b0000000-0000-0000-0000-000000000005', 'a0000000-0000-0000-0000-000000000010'), -- DDD → Eric Evans
('b0000000-0000-0000-0000-000000000006', 'a0000000-0000-0000-0000-000000000003'), -- 1984 → George Orwell
('b0000000-0000-0000-0000-000000000007', 'a0000000-0000-0000-0000-000000000006'), -- Harry Potter → J.K. Rowling
('b0000000-0000-0000-0000-000000000008', 'a0000000-0000-0000-0000-000000000004'), -- The Shining → Stephen King
('b0000000-0000-0000-0000-000000000009', 'a0000000-0000-0000-0000-000000000005'), -- Маруся Чурай → Ліна Костенко
('b0000000-0000-0000-0000-000000000010', 'a0000000-0000-0000-0000-000000000008'); -- Ворошиловград → Сергій Жадан

-- ==================== ЗВ''ЯЗКИ КНИГА-КАТЕГОРІЯ ====================

INSERT INTO book_categories (book_id, category_id) VALUES
-- Clean Code: Програмування + Java
('b0000000-0000-0000-0000-000000000001', 'c0000000-0000-0000-0000-000000000002'),
('b0000000-0000-0000-0000-000000000001', 'c0000000-0000-0000-0000-000000000020'),
-- Effective Java: Програмування + Java
('b0000000-0000-0000-0000-000000000002', 'c0000000-0000-0000-0000-000000000002'),
('b0000000-0000-0000-0000-000000000002', 'c0000000-0000-0000-0000-000000000020'),
-- Refactoring: Програмування + Java
('b0000000-0000-0000-0000-000000000003', 'c0000000-0000-0000-0000-000000000002'),
('b0000000-0000-0000-0000-000000000003', 'c0000000-0000-0000-0000-000000000020'),
-- Algorithms: Програмування + Алгоритми + Наука
('b0000000-0000-0000-0000-000000000004', 'c0000000-0000-0000-0000-000000000002'),
('b0000000-0000-0000-0000-000000000004', 'c0000000-0000-0000-0000-000000000023'),
('b0000000-0000-0000-0000-000000000004', 'c0000000-0000-0000-0000-000000000003'),
-- DDD: Програмування
('b0000000-0000-0000-0000-000000000005', 'c0000000-0000-0000-0000-000000000002'),
-- 1984: Художня + Наукова фантастика + Класика
('b0000000-0000-0000-0000-000000000006', 'c0000000-0000-0000-0000-000000000001'),
('b0000000-0000-0000-0000-000000000006', 'c0000000-0000-0000-0000-000000000011'),
('b0000000-0000-0000-0000-000000000006', 'c0000000-0000-0000-0000-000000000013'),
-- Harry Potter: Художня + Фентезі + Дитяча
('b0000000-0000-0000-0000-000000000007', 'c0000000-0000-0000-0000-000000000001'),
('b0000000-0000-0000-0000-000000000007', 'c0000000-0000-0000-0000-000000000010'),
('b0000000-0000-0000-0000-000000000007', 'c0000000-0000-0000-0000-000000000006'),
-- The Shining: Художня + Жахи
('b0000000-0000-0000-0000-000000000008', 'c0000000-0000-0000-0000-000000000001'),
('b0000000-0000-0000-0000-000000000008', 'c0000000-0000-0000-0000-000000000016'),
-- Маруся Чурай: Художня + Класика + Історія + Поезія
('b0000000-0000-0000-0000-000000000009', 'c0000000-0000-0000-0000-000000000001'),
('b0000000-0000-0000-0000-000000000009', 'c0000000-0000-0000-0000-000000000013'),
('b0000000-0000-0000-0000-000000000009', 'c0000000-0000-0000-0000-000000000004'),
('b0000000-0000-0000-0000-000000000009', 'c0000000-0000-0000-0000-000000000015'),
-- Ворошиловград: Художня + Сучасна проза
('b0000000-0000-0000-0000-000000000010', 'c0000000-0000-0000-0000-000000000001'),
('b0000000-0000-0000-0000-000000000010', 'c0000000-0000-0000-0000-000000000014');